s,p,frac_n,frac_d,frac,support_ids,ids_list,root_events,distinct_roots,min_level,max_level,mean_level,min_W,max_W,min_depth_max,max_depth_max
14243,211199,1,370,1/370,9,"1,2,3,4,5,6,7,8,9",18,2,1,1,1.0,1,5000,2,7
14243,211199,2,185,2/185,9,"1,2,3,4,5,6,7,8,9",36,2,1,1,1.0,1,5000,2,7
14243,211199,2,739,2/739,9,"1,2,3,4,5,6,7,8,9",18,2,1,1,1.0,1,5000,2,7
14243,211199,3,1114,3/1114,5,"2,5,6,8,9",10,2,2,2,2.0,1,50,2,7
14243,211199,5,296,5/296,7,"2,3,5,6,7,8,9",14,2,2,3,2.2857142857142856,1,500,2,7
14243,211199,6,1807,6/1807,7,"2,3,5,6,7,8,9",14,2,2,3,2.2857142857142856,1,500,2,7
14243,211199,7,104,7/104,8,"2,3,4,5,6,7,8,9",16,2,2,4,2.5,1,5000,2,7
14243,211199,7,171,7/171,4,"5,6,8,9",8,2,3,3,3.0,1,50,3,7
14243,211199,9,2119,9/2119,3,"5,8,9",6,2,3,3,3.0,1,10,3,7
14243,211199,9,2128,9/2128,3,"5,8,9",6,2,3,3,3.0,1,10,3,7
14243,211199,11,391,11/391,4,"5,6,8,9",8,2,3,4,3.5,1,50,3,7
14243,211199,15,893,15/893,3,"5,6,9",6,2,3,5,3.6666666666666665,1,50,3,7
14243,211199,17,314,17/314,3,"5,6,9",6,2,3,5,3.6666666666666665,1,50,3,7
14243,211199,26,873,26/873,2,"8,9",4,2,4,4,4.0,1,1,4,7
14243,211199,34,2515,34/2515,4,"2,3,6,7",8,2,2,2,2.0,50,500,2,3
14243,211199,34,2523,34/2523,2,"5,9",4,2,3,6,4.5,1,10,3,7
14243,211199,34,2529,34/2529,2,"8,9",4,2,4,4,4.0,1,1,4,7
14243,211199,34,2537,34/2537,2,"8,9",4,2,4,4,4.0,1,1,4,7
14243,211199,39,1033,39/1033,1,6,2,2,3,3,3.0,50,50,3,3
14243,211199,39,1034,39/1034,1,6,2,2,3,3,3.0,50,50,3,3
14243,211199,39,1036,39/1036,1,9,2,2,5,5,5.0,1,1,7,7
14243,211199,39,1037,39/1037,1,9,2,2,5,5,5.0,1,1,7,7
14243,211199,39,1039,39/1039,1,9,2,2,5,5,5.0,1,1,7,7
14243,211199,41,225,41/225,1,6,2,2,3,3,3.0,50,50,3,3
14243,211199,42,155,42/155,1,9,2,2,5,5,5.0,1,1,7,7
14243,211199,44,369,44/369,1,9,2,2,5,5,5.0,1,1,7,7
14243,211199,46,63,46/63,1,9,2,2,5,5,5.0,1,1,7,7
14243,211199,50,1923,50/1923,1,9,2,2,6,6,6.0,1,1,7,7
14243,211199,50,1927,50/1927,1,9,2,2,6,6,6.0,1,1,7,7
14243,211199,57,1118,57/1118,1,9,2,2,5,5,5.0,1,1,7,7
14243,211199,57,1120,57/1120,1,9,2,2,6,6,6.0,1,1,7,7
14243,211199,59,144,59/144,1,9,2,2,5,5,5.0,1,1,7,7
14243,211199,60,1591,60/1591,1,6,2,2,3,3,3.0,50,50,3,3
14243,211199,61,588,61/588,1,9,2,2,5,5,5.0,1,1,7,7
14243,211199,63,418,63/418,1,9,2,2,6,6,6.0,1,1,7,7
14243,211199,64,1503,64/1503,1,6,2,2,3,3,3.0,50,50,3,3
14243,211199,64,1505,64/1505,1,6,2,2,3,3,3.0,50,50,3,3
14243,211199,75,1094,75/1094,1,9,2,2,5,5,5.0,1,1,7,7
14243,211199,79,908,79/908,1,6,2,2,3,3,3.0,50,50,3,3
14243,211199,79,909,79/909,1,6,2,2,3,3,3.0,50,50,3,3
14243,211199,80,4593,80/4593,1,9,2,2,6,6,6.0,1,1,7,7
14243,211199,80,4599,80/4599,1,6,2,2,3,3,3.0,50,50,3,3
14243,211199,80,4601,80/4601,1,6,2,2,3,3,3.0,50,50,3,3
14243,211199,80,4679,80/4679,1,6,2,2,3,3,3.0,50,50,3,3
14243,211199,80,4681,80/4681,1,6,2,2,3,3,3.0,50,50,3,3
14243,211199,84,3895,84/3895,1,9,2,2,6,6,6.0,1,1,7,7
14243,211199,84,3901,84/3901,1,9,2,2,6,6,6.0,1,1,7,7
14243,211199,84,3905,84/3905,1,6,2,2,3,3,3.0,50,50,3,3
14243,211199,84,3907,84/3907,1,6,2,2,3,3,3.0,50,50,3,3
14243,211199,84,3911,84/3911,1,9,2,2,6,6,6.0,1,1,7,7
14243,211199,88,133,88/133,1,6,2,2,3,3,3.0,50,50,3,3
14243,211199,90,3787,90/3787,1,6,2,2,3,3,3.0,50,50,3,3
14243,211199,95,908,95/908,1,9,2,2,6,6,6.0,1,1,7,7
14243,211199,100,959,100/959,1,9,2,2,6,6,6.0,1,1,7,7
14243,211199,104,7941,104/7941,1,9,2,2,6,6,6.0,1,1,7,7
14243,211199,104,7963,104/7963,1,9,2,2,6,6,6.0,1,1,7,7
14243,211199,104,7965,104/7965,1,9,2,2,6,6,6.0,1,1,7,7
14243,211199,104,8053,104/8053,1,9,2,2,6,6,6.0,1,1,7,7
14243,211199,104,8055,104/8055,1,9,2,2,6,6,6.0,1,1,7,7
14243,211199,104,8065,104/8065,1,9,2,2,6,6,6.0,1,1,7,7
14243,211199,104,8067,104/8067,1,9,2,2,6,6,6.0,1,1,7,7
14243,211199,104,8069,104/8069,1,9,2,2,6,6,6.0,1,1,7,7
14243,211199,104,8149,104/8149,1,9,2,2,6,6,6.0,1,1,7,7
14243,211199,104,8173,104/8173,1,9,2,2,6,6,6.0,1,1,7,7
14243,211199,108,701,108/701,1,6,2,2,3,3,3.0,50,50,3,3
14243,211199,108,1241,108/1241,1,6,2,2,3,3,3.0,50,50,3,3
14243,211199,108,1243,108/1243,1,6,2,2,3,3,3.0,50,50,3,3
14243,211199,108,1249,108/1249,1,9,2,2,6,6,6.0,1,1,7,7
14243,211199,108,1255,108/1255,1,9,2,2,6,6,6.0,1,1,7,7
14243,211199,125,674,125/674,1,9,4,2,6,6,6.0,1,1,7,7
14243,211199,125,676,125/676,1,9,4,2,6,6,6.0,1,1,7,7
14243,211199,125,678,125/678,1,9,4,2,6,6,6.0,1,1,7,7
14243,211199,126,4229,126/4229,1,9,2,2,6,6,6.0,1,1,7,7
14243,211199,138,3277,138/3277,1,6,2,2,3,3,3.0,50,50,3,3
14243,211199,156,5381,156/5381,1,6,2,2,3,3,3.0,50,50,3,3
14243,211199,156,5383,156/5383,1,6,2,2,3,3,3.0,50,50,3,3
14243,211199,159,2288,159/2288,1,9,2,2,6,6,6.0,1,1,7,7
14243,211199,160,2307,160/2307,1,9,2,2,6,6,6.0,1,1,7,7
14243,211199,160,2319,160/2319,1,6,2,2,3,3,3.0,50,50,3,3
14243,211199,160,2321,160/2321,1,6,2,2,3,3,3.0,50,50,3,3
14243,211199,208,1767,208/1767,1,6,2,2,3,3,3.0,50,50,3,3
14243,211199,208,1769,208/1769,1,6,2,2,3,3,3.0,50,50,3,3
14243,211199,375,10136,375/10136,1,6,2,2,3,3,3.0,50,50,3,3
14537,201389,1,498,1/498,9,"1,2,3,4,5,6,7,8,9",18,2,1,1,1.0,1,5000,2,7
14537,201389,1,887,1/887,7,"1,2,3,4,5,6,7",14,2,1,1,1.0,2,5000,2,3
14537,201389,2,249,2/249,9,"1,2,3,4,5,6,7,8,9",18,2,1,1,1.0,1,5000,2,7
14537,201389,2,501,2/501,9,"1,2,3,4,5,6,7,8,9",18,2,1,1,1.0,1,5000,2,7
14537,201389,9,17081,9/17081,2,"2,5",4,2,2,2,2.0,10,50,2,3
14537,201389,9,17083,9/17083,2,"2,5",4,2,2,2,2.0,10,50,2,3
14537,201389,9,17084,9/17084,2,"2,5",4,2,2,2,2.0,10,50,2,3
14537,201389,9,17089,9/17089,2,"2,5",4,2,2,2,2.0,10,50,2,3
14537,201389,9,17090,9/17090,2,"2,5",4,2,2,2,2.0,10,50,2,3
14537,201389,9,17092,9/17092,2,"2,5",4,2,2,2,2.0,10,50,2,3
14537,201389,9,17093,9/17093,2,"2,5",4,2,2,2,2.0,10,50,2,3
14537,201389,9,17098,9/17098,2,"2,5",4,2,2,2,2.0,10,50,2,3
14537,201389,9,17099,9/17099,2,"2,5",4,2,2,2,2.0,10,50,2,3
14537,201389,9,17101,9/17101,2,"2,5",4,2,2,2,2.0,10,50,2,3
14537,201389,9,17102,9/17102,2,"2,5",4,2,2,2,2.0,10,50,2,3
14537,201389,9,17107,9/17107,2,"2,5",4,2,2,2,2.0,10,50,2,3
14537,201389,9,17108,9/17108,2,"2,5",4,2,2,2,2.0,10,50,2,3
14537,201389,9,17110,9/17110,2,"2,5",4,2,2,2,2.0,10,50,2,3
14537,201389,9,17111,9/17111,2,"2,5",4,2,2,2,2.0,10,50,2,3
14537,201389,9,17116,9/17116,2,"2,5",4,2,2,2,2.0,10,50,2,3
14537,201389,9,17117,9/17117,2,"2,5",4,2,2,2,2.0,10,50,2,3
14537,201389,9,17119,9/17119,2,"2,5",4,2,2,2,2.0,10,50,2,3
14537,201389,9,17120,9/17120,2,"2,5",4,2,2,2,2.0,10,50,2,3
14537,201389,9,17125,9/17125,2,"2,5",4,2,2,2,2.0,10,50,2,3
14537,201389,9,17126,9/17126,2,"2,5",4,2,2,2,2.0,10,50,2,3
14537,201389,9,17128,9/17128,2,"2,5",4,2,2,2,2.0,10,50,2,3
14537,201389,9,17129,9/17129,2,"2,5",4,2,2,2,2.0,10,50,2,3
14537,201389,9,17134,9/17134,2,"2,5",4,2,2,2,2.0,10,50,2,3
14537,201389,9,17135,9/17135,2,"2,5",4,2,2,2,2.0,10,50,2,3
14537,201389,9,17224,9/17224,2,"2,5",4,2,2,2,2.0,10,50,2,3
14537,201389,9,17225,9/17225,2,"2,5",4,2,2,2,2.0,10,50,2,3
14537,201389,9,17227,9/17227,2,"2,5",4,2,2,2,2.0,10,50,2,3
14537,201389,9,17228,9/17228,2,"2,5",4,2,2,2,2.0,10,50,2,3
14537,201389,9,17233,9/17233,2,"2,5",4,2,2,2,2.0,10,50,2,3
14537,201389,9,17234,9/17234,2,"2,5",4,2,2,2,2.0,10,50,2,3
14537,201389,9,17236,9/17236,2,"2,5",4,2,2,2,2.0,10,50,2,3
14537,201389,9,17237,9/17237,2,"2,5",4,2,2,2,2.0,10,50,2,3
14537,201389,9,17242,9/17242,2,"2,5",4,2,2,2,2.0,10,50,2,3
14537,201389,9,17243,9/17243,2,"2,5",4,2,2,2,2.0,10,50,2,3
14537,201389,9,17245,9/17245,2,"2,5",4,2,2,2,2.0,10,50,2,3
14537,201389,9,17246,9/17246,2,"2,5",4,2,2,2,2.0,10,50,2,3
14537,201389,11,612,11/612,4,"5,6,8,9",8,2,3,3,3.0,1,50,3,7
14537,201389,12,511,12/511,4,"5,6,8,9",8,2,3,3,3.0,1,50,3,7
14537,201389,15,23,15/23,3,"5,6,9",6,2,3,5,3.6666666666666665,1,50,3,7
14537,201389,15,368,15/368,3,"5,6,9",6,2,3,5,3.6666666666666665,1,50,3,7
14537,201389,16,345,16/345,4,"5,6,8,9",8,2,3,4,3.5,1,50,3,7
14537,201389,16,1113,16/1113,3,"5,8,9",6,2,3,4,3.6666666666666665,1,10,3,7
14537,201389,25,3136,25/3136,2,"8,9",4,2,4,4,4.0,1,1,4,7
14537,201389,25,3137,25/3137,1,5,2,2,3,3,3.0,10,10,3,3
14537,201389,25,3138,25/3138,1,5,2,2,3,3,3.0,10,10,3,3
14537,201389,25,3161,25/3161,2,"8,9",4,2,4,4,4.0,1,1,4,7
14537,201389,25,3162,25/3162,1,5,2,2,3,3,3.0,10,10,3,3
14537,201389,29,210,29/210,3,"5,6,9",6,2,3,6,4.0,1,50,3,7
14537,201389,31,575,31/575,1,9,2,2,5,5,5.0,1,1,7,7
14537,201389,31,577,31/577,2,"8,9",4,2,4,4,4.0,1,1,4,7
14537,201389,32,559,32/559,3,"5,6,9",6,2,3,6,4.0,1,50,3,7
14537,201389,34,117,34/117,1,9,2,2,5,5,5.0,1,1,7,7
14537,201389,36,55,36/55,3,"5,6,9",6,2,3,6,4.0,1,50,3,7
14537,201389,38,2241,38/2241,5,"2,3,4,6,7",10,2,2,2,2.0,50,5000,2,3
14537,201389,42,65,42/65,1,9,2,2,5,5,5.0,1,1,7,7
14537,201389,44,153,44/153,2,"5,6",4,2,3,3,3.0,10,50,3,3
14537,201389,44,285,44/285,2,"5,6",4,2,3,3,3.0,10,50,3,3
14537,201389,45,1313,45/1313,1,9,2,2,5,5,5.0,1,1,7,7
14537,201389,48,167,48/167,2,"5,6",4,2,3,3,3.0,10,50,3,3
14537,201389,48,1511,48/1511,2,"5,6",4,2,3,3,3.0,10,50,3,3
14537,201389,48,1513,48/1513,2,"5,6",4,2,3,3,3.0,10,50,3,3
14537,201389,48,11465,48/11465,1,5,2,2,3,3,3.0,10,10,3,3
14537,201389,48,11467,48/11467,1,5,2,2,3,3,3.0,10,10,3,3
14537,201389,48,11471,48/11471,4,"2,3,6,7",8,2,2,2,2.0,50,500,2,3
14537,201389,48,11473,48/11473,4,"2,3,6,7",8,2,2,2,2.0,50,500,2,3
14537,201389,48,11477,48/11477,1,5,2,2,3,3,3.0,10,10,3,3
14537,201389,48,11605,48/11605,1,9,2,2,5,5,5.0,1,1,7,7
14537,201389,48,11609,48/11609,1,5,2,2,3,3,3.0,10,10,3,3
14537,201389,48,11611,48/11611,1,5,2,2,3,3,3.0,10,10,3,3
14537,201389,48,11615,48/11615,4,"2,3,6,7",8,2,2,2,2.0,50,500,2,3
14537,201389,48,11617,48/11617,4,"2,3,6,7",8,2,2,2,2.0,50,500,2,3
14537,201389,48,11621,48/11621,1,5,2,2,3,3,3.0,10,10,3,3
14537,201389,48,11623,48/11623,1,5,2,2,3,3,3.0,10,10,3,3
14537,201389,48,11699,48/11699,1,9,2,2,5,5,5.0,1,1,7,7
14537,201389,48,11701,48/11701,1,9,2,2,5,5,5.0,1,1,7,7
14537,201389,48,11705,48/11705,1,5,2,2,3,3,3.0,10,10,3,3
14537,201389,48,11707,48/11707,1,5,2,2,3,3,3.0,10,10,3,3
14537,201389,48,11711,48/11711,4,"2,3,6,7",8,2,2,2,2.0,50,500,2,3
14537,201389,48,11713,48/11713,4,"2,3,6,7",8,2,2,2,2.0,50,500,2,3
14537,201389,48,11717,48/11717,1,5,2,2,3,3,3.0,10,10,3,3
14537,201389,48,11783,48/11783,1,5,2,2,3,3,3.0,10,10,3,3
14537,201389,48,11785,48/11785,1,5,2,2,3,3,3.0,10,10,3,3
14537,201389,49,1537,49/1537,1,9,4,2,5,5,5.0,1,1,7,7
14537,201389,49,1539,49/1539,1,9,4,2,5,5,5.0,1,1,7,7
14537,201389,49,1541,49/1541,1,9,4,2,5,5,5.0,1,1,7,7
14537,201389,49,1542,49/1542,1,9,4,2,6,6,6.0,1,1,7,7
14537,201389,49,1543,49/1543,1,6,4,2,3,3,3.0,50,50,3,3
14537,201389,49,1544,49/1544,1,6,4,2,3,3,3.0,50,50,3,3
14537,201389,49,1545,49/1545,1,9,4,2,6,6,6.0,1,1,7,7
14537,201389,49,1546,49/1546,1,9,4,2,5,5,5.0,1,1,7,7
14537,201389,49,1548,49/1548,1,9,4,2,5,5,5.0,1,1,7,7
14537,201389,50,687,50/687,3,"5,6,9",6,2,3,6,4.0,1,50,3,7
14537,201389,50,1573,50/1573,1,9,2,2,6,6,6.0,1,1,7,7
14537,201389,50,1577,50/1577,1,9,2,2,6,6,6.0,1,1,7,7
14537,201389,50,1579,50/1579,1,9,2,2,5,5,5.0,1,1,7,7
14537,201389,51,79,51/79,1,9,2,2,5,5,5.0,1,1,7,7
14537,201389,51,176,51/176,1,9,2,2,5,5,5.0,1,1,7,7
14537,201389,52,179,52/179,1,9,2,2,6,6,6.0,1,1,7,7
14537,201389,53,182,53/182,1,9,2,2,5,5,5.0,1,1,7,7
14537,201389,56,193,56/193,1,9,2,2,6,6,6.0,1,1,7,7
14537,201389,56,195,56/195,1,6,2,2,3,3,3.0,50,50,3,3
14537,201389,56,305,56/305,1,9,2,2,6,6,6.0,1,1,7,7
14537,201389,57,196,57/196,1,9,2,2,5,5,5.0,1,1,7,7
14537,201389,57,203,57/203,1,9,2,2,5,5,5.0,1,1,7,7
14537,201389,59,210,59/210,1,9,2,2,5,5,5.0,1,1,7,7
14537,201389,60,209,60/209,1,6,2,2,3,3,3.0,50,50,3,3
14537,201389,63,1156,63/1156,1,9,2,2,6,6,6.0,1,1,7,7
14537,201389,64,223,64/223,1,6,2,2,3,3,3.0,50,50,3,3
14537,201389,68,237,68/237,1,6,2,2,3,3,3.0,50,50,3,3
14537,201389,72,251,72/251,1,6,2,2,3,3,3.0,50,50,3,3
14537,201389,76,265,76/265,1,6,2,2,3,3,3.0,50,50,3,3
14537,201389,78,121,78/121,1,9,2,2,6,6,6.0,1,1,7,7
14537,201389,80,279,80/279,1,6,2,2,3,3,3.0,50,50,3,3
14537,201389,84,3061,84/3061,1,9,2,2,6,6,6.0,1,1,7,7
14537,201389,84,3065,84/3065,1,6,2,2,3,3,3.0,50,50,3,3
14537,201389,84,3067,84/3067,1,6,2,2,3,3,3.0,50,50,3,3
14537,201389,84,3071,84/3071,1,9,2,2,6,6,6.0,1,1,7,7
14537,201389,90,5797,90/5797,1,9,2,2,6,6,6.0,1,1,7,7
14537,201389,90,5873,90/5873,1,5,2,2,3,3,3.0,10,10,3,3
14537,201389,90,5887,90/5887,1,9,2,2,6,6,6.0,1,1,7,7
14537,201389,90,5903,90/5903,1,9,2,2,6,6,6.0,1,1,7,7
14537,201389,96,149,96/149,1,9,2,2,6,6,6.0,1,1,7,7
14537,201389,96,331,96/331,1,9,2,2,6,6,6.0,1,1,7,7
14537,201389,100,963,100/963,1,9,2,2,6,6,6.0,1,1,7,7
14537,201389,101,360,101/360,1,9,2,2,6,6,6.0,1,1,7,7
14537,201389,102,365,102/365,1,9,2,2,6,6,6.0,1,1,7,7
14537,201389,104,357,104/357,1,9,2,2,6,6,6.0,1,1,7,7
14537,201389,104,371,104/371,1,9,2,2,6,6,6.0,1,1,7,7
14537,201389,105,143,105/143,1,9,2,2,6,6,6.0,1,1,7,7
14537,201389,116,399,116/399,1,9,2,2,6,6,6.0,1,1,7,7
14537,201389,118,171,118/171,1,9,2,2,6,6,6.0,1,1,7,7
14537,201389,119,311,119/311,1,9,2,2,6,6,6.0,1,1,7,7
14537,201389,124,433,124/433,1,6,4,2,3,3,3.0,50,50,3,3
14537,201389,124,435,124/435,1,6,4,2,3,3,3.0,50,50,3,3
14537,201389,126,575,126/575,1,9,4,2,6,6,6.0,1,1,7,7
14537,201389,128,447,128/447,1,6,12,2,3,3,3.0,50,50,3,3
14537,201389,128,449,128/449,1,6,12,2,3,3,3.0,50,50,3,3
14537,201389,132,461,132/461,1,6,20,2,3,3,3.0,50,50,3,3
14537,201389,132,463,132/463,1,6,20,2,3,3,3.0,50,50,3,3
14537,201389,136,475,136/475,1,6,28,2,3,3,3.0,50,50,3,3
14537,201389,136,477,136/477,1,6,28,2,3,3,3.0,50,50,3,3
14537,201389,139,495,139/495,1,9,2,2,6,6,6.0,1,1,7,7
14537,201389,140,481,140/481,1,9,2,2,6,6,6.0,1,1,7,7
14537,201389,140,489,140/489,1,6,24,2,3,3,3.0,50,50,3,3
14537,201389,140,491,140/491,1,6,24,2,3,3,3.0,50,50,3,3
14537,201389,144,503,144/503,1,6,16,2,3,3,3.0,50,50,3,3
14537,201389,144,505,144/505,1,6,16,2,3,3,3.0,50,50,3,3
14537,201389,145,152,145/152,1,6,2,2,3,3,3.0,50,50,3,3
14537,201389,148,517,148/517,1,6,8,2,3,3,3.0,50,50,3,3
14537,201389,148,519,148/519,1,6,8,2,3,3,3.0,50,50,3,3
14537,201389,154,397,154/397,1,9,10,2,6,6,6.0,1,1,7,7
14537,201389,161,415,161/415,1,9,10,2,6,6,6.0,1,1,7,7
14537,201389,168,421,168/421,1,6,2,2,3,3,3.0,50,50,3,3
14537,201389,180,2969,180/2969,1,6,2,2,3,3,3.0,50,50,3,3
14537,201389,180,2971,180/2971,1,6,2,2,3,3,3.0,50,50,3,3
14537,201389,187,482,187/482,1,9,2,2,6,6,6.0,1,1,7,7
14537,201389,187,3437,187/3437,1,9,2,2,6,6,6.0,1,1,7,7
14537,201389,188,2537,188/2537,1,6,2,2,3,3,3.0,50,50,3,3
14537,201389,188,2539,188/2539,1,6,2,2,3,3,3.0,50,50,3,3
14537,201389,189,376,189/376,4,"3,4,6,7",8,2,2,3,2.25,50,5000,2,3
14537,201389,209,2379,209/2379,1,9,2,2,6,6,6.0,1,1,7,7
26921,243953,2,767,2/767,9,"1,2,3,4,5,6,7,8,9",18,2,1,1,1.0,1,5000,2,7
26921,243953,3,1093,3/1093,7,"1,2,5,6,7,8,9",14,2,2,2,2.0,1,500,2,7
26921,243953,3,1150,3/1150,7,"1,2,5,6,7,8,9",14,2,2,2,2.0,1,500,2,7
26921,243953,6,1855,6/1855,7,"2,3,5,6,7,8,9",14,2,2,3,2.2857142857142856,1,500,2,7
26921,243953,11,100,11/100,7,"2,3,4,5,6,7,9",14,2,2,6,2.5714285714285716,1,5000,2,7
26921,243953,13,368,13/368,4,"5,6,8,9",8,2,3,4,3.5,1,50,3,7
26921,243953,13,5713,13/5713,3,"5,8,9",6,2,3,4,3.6666666666666665,1,10,3,7
26921,243953,13,5714,13/5714,3,"5,8,9",6,2,3,4,3.6666666666666665,1,10,3,7
26921,243953,13,5715,13/5715,3,"5,8,9",6,2,3,3,3.0,1,10,3,7
26921,243953,13,5749,13/5749,3,"5,8,9",6,2,3,4,3.6666666666666665,1,10,3,7
26921,243953,13,5750,13/5750,3,"5,8,9",6,2,3,4,3.6666666666666665,1,10,3,7
26921,243953,16,1911,16/1911,3,"5,8,9",6,2,3,4,3.6666666666666665,1,10,3,7
26921,243953,16,1913,16/1913,3,"5,8,9",6,2,3,4,3.6666666666666665,1,10,3,7
26921,243953,16,2151,16/2151,3,"5,8,9",6,2,3,4,3.6666666666666665,1,10,3,7
26921,243953,16,2153,16/2153,3,"5,8,9",6,2,3,4,3.6666666666666665,1,10,3,7
26921,243953,25,511,25/511,2,"8,9",4,2,4,4,4.0,1,1,4,7
26921,243953,25,512,25/512,2,"5,6",4,2,3,3,3.0,10,50,3,3
26921,243953,25,911,25/911,2,"8,9",4,2,4,4,4.0,1,1,4,7
26921,243953,26,1465,26/1465,3,"5,6,9",6,2,3,6,4.0,1,50,3,7
26921,243953,26,2867,26/2867,3,"5,8,9",6,2,3,4,3.6666666666666665,1,10,3,7
26921,243953,26,2871,26/2871,2,"8,9",4,2,4,4,4.0,1,1,4,7
26921,243953,26,2875,26/2875,2,"8,9",4,2,4,4,4.0,1,1,4,7
26921,243953,35,649,35/649,1,9,2,2,5,5,5.0,1,1,7,7
26921,243953,41,881,41/881,1,6,2,2,3,3,3.0,50,50,3,3
26921,243953,41,882,41/882,1,6,2,2,3,3,3.0,50,50,3,3
26921,243953,41,1010,41/1010,1,9,2,2,5,5,5.0,1,1,7,7
26921,243953,41,1012,41/1012,3,"5,6,9",6,2,3,6,4.0,1,50,3,7
26921,243953,41,3206,41/3206,1,5,2,2,3,3,3.0,10,10,3,3
26921,243953,41,3215,41/3215,1,9,2,2,5,5,5.0,1,1,7,7
26921,243953,57,368,57/368,1,9,2,2,6,6,6.0,1,1,7,7
26921,243953,60,391,60/391,1,6,2,2,3,3,3.0,50,50,3,3
26921,243953,64,8605,64/8605,1,9,2,2,6,6,6.0,1,1,7,7
26921,243953,64,8611,64/8611,1,9,2,2,6,6,6.0,1,1,7,7
26921,243953,64,8613,64/8613,1,9,2,2,5,5,5.0,1,1,7,7
26921,243953,64,8675,64/8675,1,9,2,2,6,6,6.0,1,1,7,7
26921,243953,72,971,72/971,1,6,2,2,3,3,3.0,50,50,3,3
26921,243953,86,463,86/463,1,9,2,2,6,6,6.0,1,1,7,7
26921,243953,90,2917,90/2917,1,9,2,2,6,6,6.0,1,1,7,7
26921,243953,100,2051,100/2051,1,6,2,2,3,3,3.0,50,50,3,3
26921,243953,108,587,108/587,1,9,4,2,6,6,6.0,1,1,7,7
26921,243953,128,449,128/449,1,6,2,2,3,3,3.0,50,50,3,3
26921,243953,129,308,129/308,1,9,2,2,6,6,6.0,1,1,7,7
26921,243953,129,2629,129/2629,1,9,2,2,6,6,6.0,1,1,7,7
26921,243953,129,2630,129/2630,1,9,2,2,6,6,6.0,1,1,7,7
26921,243953,129,2633,129/2633,1,9,2,2,6,6,6.0,1,1,7,7
26921,243953,140,1759,140/1759,1,9,2,2,6,6,6.0,1,1,7,7
26921,243953,153,974,153/974,1,9,2,2,6,6,6.0,1,1,7,7
26921,243953,176,615,176/615,1,6,2,2,3,3,3.0,50,50,3,3
26921,243953,176,617,176/617,1,6,2,2,3,3,3.0,50,50,3,3
26921,243953,224,4883,224/4883,1,6,2,2,3,3,3.0,50,50,3,3
26921,243953,270,2497,270/2497,1,6,2,2,3,3,3.0,50,50,3,3
26921,243953,310,11773,310/11773,1,6,2,2,3,3,3.0,50,50,3,3
37649,230479,1,1033,1/1033,4,"1,2,3,5",8,2,1,1,1.0,2,500,2,3
37649,230479,2,1479,2/1479,7,"1,2,3,4,5,6,7",14,2,1,1,1.0,2,5000,2,3
37649,230479,3,1081,3/1081,8,"1,2,3,5,6,7,8,9",16,2,2,2,2.0,1,500,2,7
37649,230479,5,99,5/99,9,"1,2,3,4,5,6,7,8,9",18,2,2,3,2.2222222222222223,1,5000,2,7
37649,230479,5,396,5/396,9,"1,2,3,4,5,6,7,8,9",18,2,2,3,2.2222222222222223,1,5000,2,7
37649,230479,6,1795,6/1795,7,"2,3,5,6,7,8,9",14,2,2,3,2.2857142857142856,1,500,2,7
37649,230479,9,220,9/220,4,"5,6,8,9",8,2,3,3,3.0,1,50,3,7
37649,230479,9,2705,9/2705,3,"5,8,9",6,2,3,3,3.0,1,10,3,7
37649,230479,9,2713,9/2713,3,"5,8,9",6,2,3,3,3.0,1,10,3,7
37649,230479,10,1377,10/1377,3,"5,8,9",6,2,3,3,3.0,1,10,3,7
37649,230479,11,180,11/180,4,"5,6,8,9",8,2,3,3,3.0,1,50,3,7
37649,230479,11,270,11/270,4,"5,6,8,9",8,2,3,4,3.5,1,50,3,7
37649,230479,12,115,12/115,4,"5,6,8,9",8,2,3,3,3.0,1,50,3,7
37649,230479,14,663,14/663,4,"5,6,8,9",8,2,3,4,3.5,1,50,3,7
37649,230479,16,551,16/551,4,"5,6,8,9",8,2,3,4,3.5,1,50,3,7
37649,230479,17,468,17/468,3,"5,6,9",6,2,3,5,3.6666666666666665,1,50,3,7
37649,230479,20,99,20/99,6,"2,3,4,5,6,7",12,2,2,3,2.1666666666666665,10,5000,2,3
37649,230479,20,1969,20/1969,4,"5,6,8,9",8,2,3,4,3.5,1,50,3,7
37649,230479,22,845,22/845,2,"8,9",4,2,4,4,4.0,1,1,4,7
37649,230479,23,60,23/60,2,"8,9",4,2,4,4,4.0,1,1,4,7
37649,230479,25,611,25/611,2,"8,9",4,2,4,4,4.0,1,1,4,7
37649,230479,27,868,27/868,3,"5,6,9",6,2,3,5,3.6666666666666665,1,50,3,7
37649,230479,28,43,28/43,3,"5,6,9",6,2,3,5,3.6666666666666665,1,50,3,7
37649,230479,29,304,29/304,1,6,2,2,3,3,3.0,50,50,3,3
37649,230479,32,305,32/305,3,"5,6,9",12,2,3,6,4.0,1,50,3,7
37649,230479,32,1231,32/1231,3,"5,6,9",6,2,3,6,4.0,1,50,3,7
37649,230479,33,344,33/344,1,9,2,2,5,5,5.0,1,1,7,7
37649,230479,34,835,34/835,1,9,2,2,5,5,5.0,1,1,7,7
37649,230479,35,1137,35/1137,1,6,2,2,3,3,3.0,50,50,3,3
37649,230479,35,1138,35/1138,1,6,2,2,3,3,3.0,50,50,3,3
37649,230479,35,1453,35/1453,1,6,2,2,3,3,3.0,50,50,3,3
37649,230479,35,1454,35/1454,1,9,2,2,5,5,5.0,1,1,7,7
37649,230479,36,55,36/55,3,"5,6,9",6,2,3,6,4.0,1,50,3,7
37649,230479,37,2900,37/2900,1,9,2,2,5,5,5.0,1,1,7,7
37649,230479,37,2901,37/2901,1,9,2,2,6,6,6.0,1,1,7,7
37649,230479,37,2902,37/2902,1,9,2,2,5,5,5.0,1,1,7,7
37649,230479,37,2904,37/2904,1,6,2,2,3,3,3.0,50,50,3,3
37649,230479,37,2907,37/2907,1,9,2,2,5,5,5.0,1,1,7,7
37649,230479,37,2908,37/2908,1,9,2,2,6,6,6.0,1,1,7,7
37649,230479,38,2075,38/2075,1,9,2,2,6,6,6.0,1,1,7,7
37649,230479,40,61,40/61,2,"5,6",4,2,3,3,3.0,10,50,3,3
37649,230479,41,60,41/60,1,9,2,2,6,6,6.0,1,1,7,7
37649,230479,41,961,41/961,1,9,2,2,5,5,5.0,1,1,7,7
37649,230479,43,63,43/63,1,9,2,2,6,6,6.0,1,1,7,7
37649,230479,43,112,43/112,1,9,2,2,6,6,6.0,1,1,7,7
37649,230479,44,67,44/67,2,"5,6",4,2,3,3,3.0,10,50,3,3
37649,230479,45,2497,45/2497,1,6,2,2,3,3,3.0,50,50,3,3
37649,230479,45,2498,45/2498,1,6,2,2,3,3,3.0,50,50,3,3
37649,230479,48,457,48/457,2,"5,6",4,2,3,3,3.0,10,50,3,3
37649,230479,48,1607,48/1607,2,"5,6",4,2,3,3,3.0,10,50,3,3
37649,230479,48,1609,48/1609,2,"5,6",4,2,3,3,3.0,10,50,3,3
37649,230479,55,2608,55/2608,1,9,2,2,5,5,5.0,1,1,7,7
37649,230479,55,2609,55/2609,1,9,2,2,5,5,5.0,1,1,7,7
37649,230479,55,2612,55/2612,1,6,2,2,3,3,3.0,50,50,3,3
37649,230479,55,2613,55/2613,1,6,2,2,3,3,3.0,50,50,3,3
37649,230479,55,2616,55/2616,1,9,2,2,5,5,5.0,1,1,7,7
37649,230479,57,649,57/649,1,9,2,2,5,5,5.0,1,1,7,7
37649,230479,58,89,58/89,1,9,2,2,6,6,6.0,1,1,7,7
37649,230479,64,1431,64/1431,1,9,2,2,5,5,5.0,1,1,7,7
37649,230479,64,1435,64/1435,1,9,2,2,5,5,5.0,1,1,7,7
37649,230479,64,1437,64/1437,1,9,2,2,6,6,6.0,1,1,7,7
37649,230479,66,12371,66/12371,1,9,2,2,5,5,5.0,1,1,7,7
37649,230479,66,12431,66/12431,1,9,2,2,6,6,6.0,1,1,7,7
37649,230479,66,12433,66/12433,1,9,2,2,5,5,5.0,1,1,7,7
37649,230479,66,12437,66/12437,1,9,2,2,5,5,5.0,1,1,7,7
37649,230479,66,12445,66/12445,1,9,2,2,5,5,5.0,1,1,7,7
37649,230479,66,12497,66/12497,1,9,2,2,6,6,6.0,1,1,7,7
37649,230479,66,12499,66/12499,1,9,2,2,5,5,5.0,1,1,7,7
37649,230479,66,12503,66/12503,1,9,2,2,5,5,5.0,1,1,7,7
37649,230479,66,12511,66/12511,1,9,2,2,5,5,5.0,1,1,7,7
37649,230479,72,685,72/685,1,6,2,2,3,3,3.0,50,50,3,3
37649,230479,75,1319,75/1319,1,9,2,2,5,5,5.0,1,1,7,7
37649,230479,76,945,76/945,1,9,2,2,6,6,6.0,1,1,7,7
37649,230479,79,1297,79/1297,1,9,2,2,6,6,6.0,1,1,7,7
37649,230479,79,1303,79/1303,1,6,2,2,3,3,3.0,50,50,3,3
37649,230479,79,1304,79/1304,1,6,2,2,3,3,3.0,50,50,3,3
37649,230479,92,1071,92/1071,1,9,2,2,6,6,6.0,1,1,7,7
37649,230479,93,254,93/254,1,9,2,2,6,6,6.0,1,1,7,7
37649,230479,108,1121,108/1121,1,9,2,2,6,6,6.0,1,1,7,7
37649,230479,109,8002,109/8002,1,9,2,2,6,6,6.0,1,1,7,7
37649,230479,109,8003,109/8003,1,9,2,2,6,6,6.0,1,1,7,7
37649,230479,109,8020,109/8020,1,9,2,2,6,6,6.0,1,1,7,7
37649,230479,109,8021,109/8021,1,9,2,2,6,6,6.0,1,1,7,7
37649,230479,112,2393,112/2393,1,9,2,2,6,6,6.0,1,1,7,7
37649,230479,127,6801,127/6801,1,9,2,2,6,6,6.0,1,1,7,7
37649,230479,127,6802,127/6802,1,9,2,2,6,6,6.0,1,1,7,7
37649,230479,127,6809,127/6809,1,9,2,2,6,6,6.0,1,1,7,7
37649,230479,127,6857,127/6857,3,"3,4,7",6,2,2,2,2.0,500,5000,2,3
37649,230479,127,6906,127/6906,1,9,2,2,6,6,6.0,1,1,7,7
37649,230479,127,6907,127/6907,1,9,2,2,6,6,6.0,1,1,7,7
37649,230479,127,6914,127/6914,1,9,2,2,6,6,6.0,1,1,7,7
37649,230479,127,6915,127/6915,1,9,2,2,6,6,6.0,1,1,7,7
37649,230479,129,4952,129/4952,1,9,2,2,6,6,6.0,1,1,7,7
37649,230479,129,4955,129/4955,1,9,2,2,6,6,6.0,1,1,7,7
37649,230479,129,4958,129/4958,1,9,2,2,6,6,6.0,1,1,7,7
37649,230479,132,1517,132/1517,1,6,2,2,3,3,3.0,50,50,3,3
37649,230479,132,1519,132/1519,1,6,2,2,3,3,3.0,50,50,3,3
37649,230479,132,6269,132/6269,1,6,2,2,3,3,3.0,50,50,3,3
37649,230479,132,6271,132/6271,1,6,2,2,3,3,3.0,50,50,3,3
37649,230479,144,343,144/343,1,9,2,2,6,6,6.0,1,1,7,7
37649,230479,160,2319,160/2319,1,6,2,2,3,3,3.0,50,50,3,3
37649,230479,160,2321,160/2321,1,6,2,2,3,3,3.0,50,50,3,3
37649,230479,160,2333,160/2333,1,9,2,2,6,6,6.0,1,1,7,7
37649,230479,175,6542,175/6542,1,9,2,2,6,6,6.0,1,1,7,7
37649,230479,190,4559,190/4559,3,"3,4,7",6,2,2,2,2.0,500,5000,2,3
37649,230479,212,979,212/979,1,9,2,2,6,6,6.0,1,1,7,7
37649,230479,382,2387,382/2387,1,6,2,2,3,3,3.0,50,50,3,3
42773,221227,1,186,1/186,9,"1,2,3,4,5,6,7,8,9",18,2,1,1,1.0,1,5000,2,7
42773,221227,1,744,1/744,7,"1,2,3,4,5,6,7",14,2,1,1,1.0,2,5000,2,3
42773,221227,1,1495,1/1495,4,"1,2,3,5",8,2,1,1,1.0,2,500,2,3
42773,221227,1,1496,1/1496,4,"1,2,3,5",8,2,1,1,1.0,2,500,2,3
42773,221227,2,93,2/93,9,"1,2,3,4,5,6,7,8,9",18,2,1,1,1.0,1,5000,2,7
42773,221227,2,313,2/313,9,"1,2,3,4,5,6,7,8,9",18,2,1,1,1.0,1,5000,2,7
42773,221227,2,837,2/837,9,"1,2,3,4,5,6,7,8,9",18,2,1,1,1.0,1,5000,2,7
42773,221227,3,1879,3/1879,3,"2,5,6",6,2,2,2,2.0,10,50,2,3
42773,221227,3,1880,3/1880,3,"2,5,6",6,2,2,2,2.0,10,50,2,3
42773,221227,5,992,5/992,7,"2,3,5,6,7,8,9",14,2,2,2,2.0,1,500,2,7
42773,221227,11,513,11/513,4,"5,6,8,9",8,2,3,3,3.0,1,50,3,7
42773,221227,11,907,11/907,4,"5,6,8,9",8,2,3,4,3.5,1,50,3,7
42773,221227,11,908,11/908,4,"5,6,8,9",8,2,3,4,3.5,1,50,3,7
42773,221227,12,209,12/209,4,"5,6,8,9",8,2,3,3,3.0,1,50,3,7
42773,221227,15,4387,15/4387,2,"5,9",4,2,3,5,4.0,1,10,3,7
42773,221227,15,4388,15/4388,2,"5,9",4,2,3,5,4.0,1,10,3,7
42773,221227,16,83,16/83,4,"5,6,8,9",8,2,3,4,3.5,1,50,3,7
42773,221227,17,1129,17/1129,2,"8,9",4,2,4,4,4.0,1,1,4,7
42773,221227,17,1130,17/1130,3,"5,6,9",6,2,3,5,3.6666666666666665,1,50,3,7
42773,221227,17,4274,17/4274,2,"8,9",4,2,4,4,4.0,1,1,4,7
42773,221227,17,4275,17/4275,2,"5,9",4,2,3,5,4.0,1,10,3,7
42773,221227,17,4276,17/4276,2,"5,9",4,2,3,5,4.0,1,10,3,7
42773,221227,17,4277,17/4277,2,"8,9",4,2,4,4,4.0,1,1,4,7
42773,221227,17,4278,17/4278,3,"5,8,9",6,2,3,4,3.6666666666666665,1,10,3,7
42773,221227,19,297,19/297,4,"5,6,8,9",8,2,3,4,3.5,1,50,3,7
42773,221227,20,189,20/189,4,"5,6,8,9",8,2,3,4,3.5,1,50,3,7
42773,221227,20,8829,20/8829,3,"5,8,9",6,2,3,4,3.6666666666666665,1,10,3,7
42773,221227,20,8831,20/8831,3,"5,8,9",6,2,3,4,3.6666666666666665,1,10,3,7
42773,221227,20,8833,20/8833,2,"5,9",4,2,3,5,4.0,1,10,3,7
42773,221227,20,8837,20/8837,2,"5,9",4,2,3,5,4.0,1,10,3,7
42773,221227,20,8839,20/8839,4,"2,3,5,6",8,2,2,3,2.25,10,500,2,3
42773,221227,20,8841,20/8841,4,"2,3,5,6",8,2,2,3,2.25,10,500,2,3
42773,221227,20,8843,20/8843,2,"5,9",4,2,3,5,4.0,1,10,3,7
42773,221227,20,8847,20/8847,2,"5,9",4,2,3,5,4.0,1,10,3,7
42773,221227,22,2859,22/2859,5,"2,3,5,6,7",10,2,2,3,2.2,10,500,2,3
42773,221227,25,129,25/129,3,"5,6,9",6,2,3,5,3.6666666666666665,1,50,3,7
42773,221227,25,2116,25/2116,4,"5,6,8,9",8,2,3,4,3.5,1,50,3,7
42773,221227,27,140,27/140,3,"5,6,9",6,2,3,5,3.6666666666666665,1,50,3,7
42773,221227,32,4523,32/4523,1,5,2,2,3,3,3.0,10,10,3,3
42773,221227,33,311,33/311,1,9,2,2,5,5,5.0,1,1,7,7
42773,221227,39,371,39/371,1,6,2,2,3,3,3.0,50,50,3,3
42773,221227,40,261,40/261,2,"5,6",4,2,3,3,3.0,10,50,3,3
42773,221227,40,4419,40/4419,2,"5,6",4,2,3,3,3.0,10,50,3,3
42773,221227,40,4421,40/4421,2,"5,6",4,2,3,3,3.0,10,50,3,3
42773,221227,41,475,41/475,1,9,2,2,5,5,5.0,1,1,7,7
42773,221227,41,1331,41/1331,1,9,2,2,6,6,6.0,1,1,7,7
42773,221227,41,1333,41/1333,1,6,2,2,3,3,3.0,50,50,3,3
42773,221227,41,1334,41/1334,1,9,2,2,6,6,6.0,1,1,7,7
42773,221227,42,1363,42/1363,1,9,4,2,5,5,5.0,1,1,7,7
42773,221227,42,1367,42/1367,1,9,4,2,5,5,5.0,1,1,7,7
42773,221227,43,406,43/406,1,9,2,2,5,5,5.0,1,1,7,7
42773,221227,43,1394,43/1394,1,9,4,2,5,5,5.0,1,1,7,7
42773,221227,43,1396,43/1396,1,9,6,2,6,6,6.0,1,1,7,7
42773,221227,43,1397,43/1397,1,6,2,2,3,3,3.0,50,50,3,3
42773,221227,43,1398,43/1398,1,6,6,2,3,3,3.0,50,50,3,3
42773,221227,43,1399,43/1399,1,9,6,2,6,6,6.0,1,1,7,7
42773,221227,44,153,44/153,2,"5,6",4,2,3,3,3.0,10,50,3,3
42773,221227,44,511,44/511,1,9,2,2,5,5,5.0,1,1,7,7
42773,221227,44,1427,44/1427,1,9,4,2,6,6,6.0,1,1,7,7
42773,221227,44,1429,44/1429,2,"5,6",8,2,3,3,3.0,10,50,3,3
42773,221227,44,1431,44/1431,2,"5,6",8,2,3,3,3.0,10,50,3,3
42773,221227,44,1433,44/1433,1,9,4,2,6,6,6.0,1,1,7,7
42773,221227,45,1459,45/1459,1,9,2,2,5,5,5.0,1,1,7,7
42773,221227,45,1463,45/1463,1,6,2,2,3,3,3.0,50,50,3,3
42773,221227,45,1466,45/1466,1,9,2,2,5,5,5.0,1,1,7,7
42773,221227,47,544,47/544,1,9,2,2,6,6,6.0,1,1,7,7
42773,221227,47,1104,47/1104,1,6,2,2,3,3,3.0,50,50,3,3
42773,221227,47,1105,47/1105,1,6,2,2,3,3,3.0,50,50,3,3
42773,221227,47,1106,47/1106,1,9,2,2,6,6,6.0,1,1,7,7
42773,221227,47,1108,47/1108,1,9,2,2,6,6,6.0,1,1,7,7
42773,221227,56,425,56/425,1,9,2,2,5,5,5.0,1,1,7,7
42773,221227,56,1151,56/1151,1,9,2,2,6,6,6.0,1,1,7,7
42773,221227,56,1153,56/1153,1,9,2,2,5,5,5.0,1,1,7,7
42773,221227,60,3553,60/3553,1,9,2,2,5,5,5.0,1,1,7,7
42773,221227,60,3569,60/3569,1,6,2,2,3,3,3.0,50,50,3,3
42773,221227,63,908,63/908,1,9,2,2,5,5,5.0,1,1,7,7
42773,221227,63,911,63/911,1,9,2,2,6,6,6.0,1,1,7,7
42773,221227,65,98,65/98,1,6,2,2,3,3,3.0,50,50,3,3
42773,221227,65,162,65/162,1,6,2,2,3,3,3.0,50,50,3,3
42773,221227,68,1461,68/1461,1,6,2,2,3,3,3.0,50,50,3,3
42773,221227,68,1463,68/1463,1,6,2,2,3,3,3.0,50,50,3,3
42773,221227,76,879,76/879,1,9,2,2,6,6,6.0,1,1,7,7
42773,221227,76,1481,76/1481,1,6,2,2,3,3,3.0,50,50,3,3
42773,221227,76,1483,76/1483,1,6,2,2,3,3,3.0,50,50,3,3
42773,221227,79,6590,79/6590,1,9,2,2,6,6,6.0,1,1,7,7
42773,221227,79,6603,79/6603,1,9,2,2,6,6,6.0,1,1,7,7
42773,221227,79,6664,79/6664,1,9,2,2,6,6,6.0,1,1,7,7
42773,221227,79,6665,79/6665,1,9,2,2,5,5,5.0,1,1,7,7
42773,221227,79,6675,79/6675,1,6,2,2,3,3,3.0,50,50,3,3
42773,221227,79,6676,79/6676,1,6,2,2,3,3,3.0,50,50,3,3
42773,221227,80,1401,80/1401,1,6,2,2,3,3,3.0,50,50,3,3
42773,221227,80,1409,80/1409,1,9,2,2,5,5,5.0,1,1,7,7
42773,221227,83,789,83/789,1,6,2,2,3,3,3.0,50,50,3,3
42773,221227,83,792,83/792,1,9,2,2,6,6,6.0,1,1,7,7
42773,221227,88,1365,88/1365,1,6,2,2,3,3,3.0,50,50,3,3
42773,221227,92,323,92/323,1,6,2,2,3,3,3.0,50,50,3,3
42773,221227,108,1457,108/1457,1,6,2,2,3,3,3.0,50,50,3,3
42773,221227,108,1459,108/1459,1,6,2,2,3,3,3.0,50,50,3,3
42773,221227,108,1465,108/1465,1,9,2,2,6,6,6.0,1,1,7,7
42773,221227,111,152,111/152,1,9,2,2,6,6,6.0,1,1,7,7
42773,221227,117,160,117/160,1,9,2,2,6,6,6.0,1,1,7,7
42773,221227,130,441,130/441,1,9,2,2,6,6,6.0,1,1,7,7
42773,221227,732,3659,732/3659,1,4,2,2,2,2,2.0,5000,5000,2,2
42773,221227,733,3664,733/3664,1,4,2,2,2,2,2.0,5000,5000,2,2
42773,221227,734,3669,734/3669,1,4,2,2,2,2,2.0,5000,5000,2,2
